<?xml version="1.0" encoding="UTF-8"?>
<addons>
<addon id="repository.CHANGE NAME" name="[COLOR limegreen][B]Myfirestreams[/B][/COLOR]Wizard Repository" version="1.0" provider-name="Myfirestreams">
    <extension point="xbmc.addon.repository" name="[COLOR limegreen][B]Myfirestreams[/B][/COLOR]Wizard Repository">
        <dir>
            <info compressed="false">http://CHANGEURL.com/zips/addons.xml</info>
            <checksum>http://CHANGEURL.com/zips/addons.xml.md5</checksum>
            <datadir zip="true">http://CHANGEURL.com/zips/</datadir>
        </dir>
    </extension>

    <extension point="xbmc.addon.metadata">
        <summary>[COLOR limegreen][B]CHANGE NAME[/B][/COLOR]Wizard</summary>
        <description>The official home of [COLOR limegreen][B]CHANGE NAME[/B][/COLOR]Wizard.</description>
        <disclaimer>None</disclaimer>
        <platform>all</platform>
        <assets>
            <icon>icon.png</icon>
            <fanart>fanart.jpg</fanart>
        </assets>
        <source>http://CHANGEURL.com/zips/repository.myfirestreams/</source>
    </extension>
</addon>
</addons>
