<advancedsettings>
    <videolibrary>
        <tvshowextraart>
              <arttype>characterart</arttype>
              <arttype>clearart</arttype>
              <arttype>clearlogo</arttype>
              <arttype>landscape</arttype>
              <arttype>keyart</arttype>
        </tvshowextraart>
        <tvseasonextraart>
            <arttype>landscape</arttype>
        </tvseasonextraart>
        <episodeextraart>
            <arttype>fanart</arttype>
        </episodeextraart>
        <movieextraart>
              <arttype>banner</arttype>
              <arttype>clearart</arttype>
              <arttype>clearlogo</arttype>
              <arttype>discart</arttype>
              <arttype>landscape</arttype>
              <arttype>keyart</arttype>
        </movieextraart>
        <moviesetextraart>
              <arttype>banner</arttype>
              <arttype>clearart</arttype>
              <arttype>clearlogo</arttype>
              <arttype>discart</arttype>
              <arttype>landscape</arttype>
              <arttype>keyart</arttype>
        </moviesetextraart>
        <musicvideoextraart>
              <arttype>banner</arttype>
              <arttype>clearart</arttype>
              <arttype>clearlogo</arttype>
              <arttype>discart</arttype>
              <arttype>landscape</arttype>
        </musicvideoextraart>
  </videolibrary>
</advancedsettings>