<?xml version="0.0.1" encoding="UTF-8" standalone="yes"?>
<addon id="plugin.program.ka0tiix" name="Ka0tiix" version="0.0.1" provider-name="Ka0tiix">
    <requires>
        <import addon="xbmc.python" version="3.0.0" />
        <import addon="script.module.requests" />
        <import addon="script.module.six" />
        <import addon="script.kodi.android.update" optional="true" version="1.1.7" />
        <import addon="script.speedtester" optional="true" version="1.1.2" />
    </requires>
    
    <extension point="xbmc.python.pluginsource" library="default.py">
        <provides>executable</provides>
    </extension>
    
    <extension point="xbmc.service" library="startup.py" start="startup" />
    
    <extension point="xbmc.addon.metadata">
        <summary lang="en">Ka0tiix</summary>
        <description lang="en">Khmer Dubbed Repository</description>
        <platform>all</platform>
        <reuselanguageinvoker>false</reuselanguageinvoker>
        <source>https://github.com/Ka0tiix/KDR/plugin.program.ka0tiix/</source>
        <news>
1.0
 -Initial Commit
 -Kodi 19 Matrix Ready
        </news>
        <assets>
            <icon>icon.png</icon>
            <fanart>fanart.png</fanart>
        </assets>
    </extension>
</addon>
